seqID	motif_name	motif_id	motif_seq	matched	length	start	end	strand	regex
sample_3_Rep	MEME-1	motif_1	HNYWLNMW	HNYWLNMW	8	242	250	+	HNYWLNMW
sample_2_Rep	MEME-1	motif_1	HNYWLNMW	HNYWLNMW	8	207	215	+	HNYWLNMW
sample_1_Rep	MEME-1	motif_1	HNYWLNMW	HNYWLNMW	8	236	244	+	HNYWLNMW
sample_3_Rep	MEME-2	motif_2	QMRSYKAW	QMRSYKAW	8	272	280	+	QMRSYKAW
sample_2_Rep	MEME-2	motif_2	QMRSYKAW	QMRSYKAW	8	237	245	+	QMRSYKAW
sample_1_Rep	MEME-2	motif_2	QMRSYKAW	QMRSYKAW	8	266	274	+	QMRSYKAW
sample_3_Rep	MEME-3	motif_3	LCIWGKTR	LCIWGKTR	8	222	230	+	LCIWGKTR
sample_2_Rep	MEME-3	motif_3	LCIWGKTR	LCIWGKTR	8	187	195	+	LCIWGKTR
sample_1_Rep	MEME-3	motif_3	LCIWGKTR	LCIWGKTR	8	216	224	+	LCIWGKTR
sample_3_Rep	MEME-4	motif_4	PEFETIQC	PEFETIQC	8	187	195	+	PEFETIQC
sample_2_Rep	MEME-4	motif_4	PEFETIQC	PEFETIQC	8	152	160	+	PEFETIQC
sample_1_Rep	MEME-4	motif_4	PEFETIQC	PEFETIQC	8	181	189	+	PEFETIQC
sample_3_Rep	MEME-5	motif_5	QQCEEDFL	QQCEEDFL	8	144	152	+	QQCEEDFL
sample_2_Rep	MEME-5	motif_5	QQCEEDFL	QQCEEDFL	8	109	117	+	QQCEEDFL
sample_1_Rep	MEME-5	motif_5	QQCEEDFL	QQCEEDFL	8	138	146	+	QQCEEDFL
sample_3_Rep	MEME-6	motif_6	CLLTYSQT	CLLTYSQT	8	13	21	+	CLLTYSQT
sample_2_Rep	MEME-6	motif_6	CLLTYSQT	CLLTYSQT	8	13	21	+	CLLTYSQT
sample_1_Rep	MEME-6	motif_6	CLLTYSQT	CLLTYSQT	8	13	21	+	CLLTYSQT
sample_3_Rep	MEME-7	motif_7	WWEENVIT	WWEENVIT	8	322	330	+	WWEENVIT
sample_2_Rep	MEME-7	motif_7	WWEENVIT	WWEENVIT	8	287	295	+	WWEENVIT
sample_1_Rep	MEME-7	motif_7	WWEENVIT	WWEENVIT	8	316	324	+	WWEENVIT
sample_3_Rep	MEME-8	motif_8	MSTSQFRF	MSTSQFRF	8	1	9	+	MSTSQFRF
sample_2_Rep	MEME-8	motif_8	MSTSQFRF	MSTSQFRF	8	1	9	+	MSTSQFRF
sample_1_Rep	MEME-8	motif_8	MSTSQFRF	MSTSQFRF	8	1	9	+	MSTSQFRF
sample_3_Rep	MEME-9	motif_9	HPNIKPIP	HPNIKPIP	8	93	101	+	HPNIKPIP
sample_2_Rep	MEME-9	motif_9	HPNIKPIP	HPNIKPIP	8	58	66	+	HPNIKPIP
sample_1_Rep	MEME-9	motif_9	HPNIKPIP	HPNIKPIP	8	87	95	+	HPNIKPIP
sample_3_Rep	MEME-10	motif_10	WGKPSIWL	WGKPSIWL	8	300	308	+	WGKPSIWL
sample_2_Rep	MEME-10	motif_10	WGKPSIWL	WGKPSIWL	8	265	273	+	WGKPSIWL
sample_1_Rep	MEME-10	motif_10	WGKPSIWL	WGKPSIWL	8	294	302	+	WGKPSIWL
sample_3_Rep	MEME-11	motif_11	QQDAFLHR	QQDAFLHR	8	24	32	+	QQDAFLHR
sample_2_Rep	MEME-11	motif_11	QQDAFLHR	QQDAFLHR	8	24	32	+	QQDAFLHR
sample_1_Rep	MEME-11	motif_11	QQDAFLHR	QQDAFLHR	8	24	32	+	QQDAFLHR
sample_3_Rep	MEME-12	motif_12	VLYFNAIK	VLYFNAIK	8	163	171	+	VLYFNAIK
sample_2_Rep	MEME-12	motif_12	VLYFNAIK	VLYFNAIK	8	128	136	+	VLYFNAIK
sample_1_Rep	MEME-12	motif_12	VLYFNAIK	VLYFNAIK	8	157	165	+	VLYFNAIK
sample_2_Rep	MEME-13	motif_13	KYRHKKRM	KYRHKKRM	8	256	264	+	KYRHKKR[ML]
sample_1_Rep	MEME-13	motif_13	KYRHKKRM	KYRHKKRM	8	285	293	+	KYRHKKR[ML]
sample_3_Rep	MEME-13	motif_13	KYRHKKRM	KYRHKKRL	8	291	299	+	KYRHKKR[ML]
sample_3_Rep	MEME-14	motif_14	GAQETFDV	GAQETFDV	8	281	289	+	GAQETFDV
sample_2_Rep	MEME-14	motif_14	GAQETFDV	GAQETFDV	8	246	254	+	GAQETFDV
sample_1_Rep	MEME-14	motif_14	GAQETFDV	GAQETFDV	8	275	283	+	GAQETFDV
sample_3_Rep	MEME-15	motif_15	YAVFDDII	YAVFDDII	8	260	268	+	YAVFDDII
sample_2_Rep	MEME-15	motif_15	YAVFDDII	YAVFDDII	8	225	233	+	YAVFDDII
sample_1_Rep	MEME-15	motif_15	YAVFDDII	YAVFDDII	8	254	262	+	YAVFDDII
sample_3_Rep	MEME-16	motif_16	TPEHAFDY	TPEHAFDY	8	102	110	+	TPEHAFDY
sample_2_Rep	MEME-16	motif_16	TPEHAFDY	TPEHAFDY	8	67	75	+	TPEHAFDY
sample_1_Rep	MEME-16	motif_16	TPEHAFDY	TPEHAFDY	8	96	104	+	TPEHAFDY
sample_3_Rep	MEME-17	motif_17	ADYAYDDV	ADYAYDDV	8	251	259	+	ADYAYDDV
sample_2_Rep	MEME-17	motif_17	ADYAYDDV	ADYAYDDV	8	216	224	+	ADYAYDDV
sample_1_Rep	MEME-17	motif_17	ADYAYDDV	ADYAYDDV	8	245	253	+	ADYAYDDV
sample_3_Rep	MEME-18	motif_18	FNEWLSQS	FNEWLSQS	8	200	208	+	FNEWLSQS
sample_2_Rep	MEME-18	motif_18	FNEWLSQS	FNEWLSQS	8	165	173	+	FNEWLSQS
sample_1_Rep	MEME-18	motif_18	FNEWLSQS	FNEWLSQS	8	194	202	+	FNEWLSQS
sample_3_Rep	MEME-19	motif_19	GKDGDIIY	GKDGDIIY	8	111	119	+	GKDGDIIY
sample_2_Rep	MEME-19	motif_19	GKDGDIIY	GKDGDIIY	8	76	84	+	GKDGDIIY
sample_1_Rep	MEME-19	motif_19	GKDGDIIY	GKDGDIIY	8	105	113	+	GKDGDIIY
sample_3_Rep	MEME-20	motif_20	LGKTVLAR	LGKTVLAR	8	230	238	+	LGKTVLAR
sample_2_Rep	MEME-20	motif_20	LGKTVLAR	LGKTVLAR	8	195	203	+	LGKTVLAR
sample_1_Rep	MEME-20	motif_20	LGKTVLAR	LGKTVLAR	8	224	232	+	LGKTVLAR
sample_3_Rep	MEME-21	motif_21	SEAPEYHP	SEAPEYHP	8	179	187	+	SEAPEYHP
sample_2_Rep	MEME-21	motif_21	SEAPEYHP	SEAPEYHP	8	144	152	+	SEAPEYHP
sample_1_Rep	MEME-21	motif_21	SEAPEYHP	SEAPEYHP	8	173	181	+	SEAPEYHP
sample_3_Rep	MEME-22	motif_22	VLRNRAPR	VLRNRAPR	8	153	161	+	VLRNRAPR
sample_2_Rep	MEME-22	motif_22	VLRNRAPR	VLRNRAPR	8	118	126	+	VLRNRAPR
sample_1_Rep	MEME-22	motif_22	VLRNRAPR	VLRNRAPR	8	147	155	+	VLRNRAPR
sample_2_Rep	MEME-23	motif_23	HLENKIVT	HLENKIVT	8	296	304	+	H[LI][EQ]NKIVT
sample_1_Rep	MEME-23	motif_23	HLENKIVT	HLENKIVT	8	325	333	+	H[LI][EQ]NKIVT
sample_3_Rep	MEME-23	motif_23	HLENKIVT	HIQNKIVT	8	331	339	+	H[LI][EQ]NKIVT
sample_3_Rep	MEME-24	motif_24	YESGNLDH	YESGNLDH	8	313	321	+	YESGNLDH
sample_2_Rep	MEME-24	motif_24	YESGNLDH	YESGNLDH	8	278	286	+	YESGNLDH
sample_1_Rep	MEME-24	motif_24	YESGNLDH	YESGNLDH	8	307	315	+	YESGNLDH
sample_3_Rep	MEME-25	motif_25	RERPNGRV	RERPNGRV	8	212	220	+	RERPNGRV
sample_2_Rep	MEME-25	motif_25	RERPNGRV	RERPNGRV	8	177	185	+	RERPNGRV
sample_1_Rep	MEME-25	motif_25	RERPNGRV	RERPNGRV	8	206	214	+	RERPNGRV
sample_3_Rep	MEME-26	motif_26	RPGKSGTL	RPGKSGTL	8	123	131	+	RPGKSGTL
sample_2_Rep	MEME-26	motif_26	RPGKSGTL	RPGKSGTL	8	88	96	+	RPGKSGTL
sample_1_Rep	MEME-26	motif_26	RPGKSGTL	RPGKSGTL	8	117	125	+	RPGKSGTL
sample_2_Rep	MEME-27	motif_27	DSIWADAL	DSIWADAL	8	100	108	+	D[SG]IWADAL
sample_1_Rep	MEME-27	motif_27	DSIWADAL	DSIWADAL	8	129	137	+	D[SG]IWADAL
sample_3_Rep	MEME-27	motif_27	DSIWADAL	DGIWADAL	8	135	143	+	D[SG]IWADAL
sample_2_Rep	MEME-28	motif_28	ALGTPRVY	ALGTPRVY	8	42	50	+	ALG[TA]PRVY
sample_1_Rep	MEME-28	motif_28	ALGTPRVY	ALGTPRVY	8	42	50	+	ALG[TA]PRVY
sample_3_Rep	MEME-28	motif_28	ALGTPRVY	ALGAPRVY	8	42	50	+	ALG[TA]PRVY
sample_2_Rep	MEME-29	motif_29	AENHFNYV	AENHFNYV	8	32	40	+	AENHF[ND][YH]V
sample_1_Rep	MEME-29	motif_29	AENHFNYV	AENHFNYV	8	32	40	+	AENHF[ND][YH]V
sample_3_Rep	MEME-29	motif_29	AENHFNYV	AENHFDHV	8	32	40	+	AENHF[ND][YH]V
sample_2_Rep	MEME-30	motif_30	NYAAYHFA	NYAAYHFA	8	136	144	+	NY[AT]A[YW]HFA
sample_1_Rep	MEME-30	motif_30	NYAAYHFA	NYAAYHFA	8	165	173	+	NY[AT]A[YW]HFA
sample_3_Rep	MEME-30	motif_30	NYAAYHFA	NYTAWHFA	8	171	179	+	NY[AT]A[YW]HFA
sample_3_Rep	MEME-31	motif_31	LLDFHGS	LLDFHGS	7	86	93	+	LLDFHGS
sample_2_Rep	MEME-31	motif_31	LLDFHGS	LLDFHGS	7	51	58	+	LLDFHGS
sample_1_Rep	MEME-31	motif_31	LLDFHGS	LLDFHGS	7	80	87	+	LLDFHGS
